Network,Station,Latitude,Longitude,Elevation,SiteName,StartTime,EndTime
EC,J01,52.76501,5.05455,-4.9,Middenmeer,2014-06-01T00:00:00,
,SABA,17.62048,-63.243230000000004,261.0,"Saba, St. John",2006-10-30T00:00:00,
,SABQ,17.626520000000003,-63.24875,200.0,"Saba, The Bottom",2015-07-01T00:00:00,
,SABV,17.64263,-63.22831,200.0,"Saba, Zion Hill",2015-07-01T00:00:00,
,SABW,17.628,-63.23158000000001,200.0,"Saba, Windwardside",2015-07-01T00:00:00,
,SEUG,17.4783,-62.9739,152.0,"St. Eustatius, George",2013-12-15T00:00:00,
,SEUH,17.48326,-62.9547,100.0,"St. Eustatius, Knippenga",2015-07-01T00:00:00,
,SEUS,17.4928,-62.9814,46.0,"St. Eustatius, airport",2006-10-29T00:00:00,
,SEUT,17.4714,-62.9757,152.0,"St. Eustatius, Eutel",2013-12-15T00:00:00,
,SMRT,18.050501,-63.0746,260.0,"St. Maarten, Caribbean Sea",2006-10-27T00:00:00,
NL,0171,51.03544,5.86908,35.0,Nieuwstadt,2006-01-27T00:00:00,2011-11-25T00:00:00
NL,1979,50.9708,5.9268,80.0,Bingelrade,2009-03-10T00:00:00,2014-11-28T00:00:00
NL,1980,50.8,5.9727,154.0,Mamelis,2009-03-10T00:00:00,2015-04-17T00:00:00
NL,1982,50.86939,6.08469,145.0,Rolduc,2007-12-10T00:00:00,2015-04-17T00:00:00
NL,BAPP,53.31482,6.835389999999999,0.0,"Appingedam, Nederland",2013-10-07T00:00:00,
NL,BBER,52.661427,4.7045,2.0,Bergen,2017-12-04T00:00:00,
NL,BFB2,53.187509999999996,6.76549,1.0,"Froombosch2, Nederland",2014-09-17T00:00:00,
NL,BGAR,53.36786,6.713589999999999,1.0,"Garsthuizen, Nederland",2014-09-17T00:00:00,
NL,BHAR,53.22916,6.70898,1.0,"Harkstede, Nederland",2014-09-17T00:00:00,
NL,BHKS,53.29195,6.785019999999999,1.0,"Hoeksmeer, Nederland",2014-09-17T00:00:00,
NL,BING,50.9708,5.9268,80.0,Bingelrade,2014-11-27T00:00:00,
NL,BKMZ,53.290115,6.318887,2.0,Kommerzijl,2015-12-08T00:00:00,
NL,BLOP,53.333909999999996,6.746630000000001,1.0,"Loppersum, Nederland",2013-09-23T00:00:00,
NL,BMD1,53.34726,6.64225,2.0,"Middelstum 1, Nederland",2013-09-11T00:00:00,2014-03-11T05:16:01
NL,BMD2,53.35325,6.6472,0.0,"Middelstum 2, Nederland",2013-09-10T00:00:00,
NL,BONL,53.40014,6.75483,1.0,"Oosternienland, Nederland",2013-09-19T00:00:00,2015-08-23T00:00:00
NL,BOWW,53.34053,6.8125,1.0,"Oosterwijterd, Nederland",2013-10-01T00:00:00,
NL,BSTD,53.312296999999994,6.692137,1.0,"Stedum, Nederland",2014-09-17T00:00:00,
NL,BUHZ,53.40704,6.6726600000000005,2.0,"Uithuizen, Nederland",2013-10-07T00:00:00,
NL,BWIN,53.3112,6.7483699999999995,1.0,"Winneweer, Nederland",2014-09-17T00:00:00,
NL,BWIR,53.32256999999999,6.7861,0.0,"Wirdum, Nederland",2013-09-24T00:00:00,
NL,BWSE,53.34441999999999,6.70989,1.0,"Westeremden, Nederland",2013-04-24T00:00:00,
NL,BZN1,53.365669999999994,6.775119999999999,1.0,t Zandt 1,2013-10-24T00:00:00,
NL,BZN2,53.35683,6.754739999999999,1.0,t Zandt 2,2013-09-23T00:00:00,
NL,CHA1,51.5043,4.9212,-50.0,Chaam niveau 1,2011-07-03T00:00:00,
NL,CHA2,51.5043,4.9212,-100.0,Chaam niveau 2,2011-07-03T00:00:00,
NL,CHA3,51.5043,4.9212,-150.0,Chaam niveau 3,2011-07-03T00:00:00,
NL,CHA4,51.5043,4.9212,-200.0,Chaam niveau 4,2011-07-03T00:00:00,
NL,CHA5,51.5043,4.9212,-250.0,Chaam niveau 5,2011-07-03T00:00:00,
NL,CIA01,51.96884,4.92793,-1.0,Cabauw Infrasound Array,2012-07-04T10:30:00,
NL,CIA02,51.96968,4.9288099999999995,-1.0,Cabauw Infrasound Array,2012-07-04T10:30:00,
NL,CIA03,51.96859,4.92949,-1.0,Cabauw Infrasound Array,2012-07-04T10:30:00,
NL,CIA04,51.967859999999995,4.92801,-2.0,Cabauw Infrasound Array,2012-07-04T10:30:00,
NL,CIA05,51.9685,4.926419999999999,-2.0,Cabauw Infrasound Array,2012-07-04T10:30:00,
NL,CIA06,51.96962,4.92692,-1.0,Cabauw Infrasound Array,2012-07-04T10:30:00,
NL,CIA07,51.97071,4.92579,0.0,Cabauw Infrasound Array,2012-07-04T10:30:00,
NL,CIA08,51.97209,4.92395,-1.0,Cabauw Infrasound Array,2012-07-04T10:30:00,
NL,CIA09,51.97421,4.92298,-1.0,Cabauw Infrasound Array,2012-07-04T10:30:00,
NL,CIA10,51.972970000000004,4.92662,-2.0,Cabauw Infrasound Array,2012-07-04T10:30:00,
NL,DBN,52.1017,5.1767,3.0,"De Bilt, Netherlands",1997-11-25T00:00:00,
NL,DBN01,52.09887,5.17589,4.0,De Bilt Infrasound Array,2002-08-21T14:30:00,
NL,DBN02,52.09897,5.17621,3.0,De Bilt Infrasound Array,2002-08-21T14:30:00,
NL,DBN03,52.09897,5.17685,1.0,De Bilt Infrasound Array,2002-08-21T14:30:00,
NL,DBN04,52.09875,5.176830000000001,2.0,De Bilt Infrasound Array,2002-08-21T14:30:00,
NL,DBN05,52.098420000000004,5.1765300000000005,2.0,De Bilt Infrasound Array,2002-08-21T14:30:00,
NL,DBN06,52.09853,5.17623,3.0,De Bilt Infrasound Array,2002-08-21T14:30:00,
NL,DL01,52.060109999999995,5.8873,52.0,Deelen Infrasound Array,1999-07-01T00:00:00,
NL,DL14,52.05514,5.88275,49.0,Deelen Infrasound Array,1999-07-01T00:00:00,
NL,DL17,52.06005,5.8874699999999995,49.0,Deelen Infrasound Array,1999-07-01T00:00:00,
NL,ENM1,53.4064,6.4817,-50.0,Eenrum (Westernieland) niveau 1,1995-04-12T00:00:00,
NL,ENM2,53.4064,6.4817,-100.0,Eenrum (Westernieland) niveau 2,1995-04-12T00:00:00,
NL,ENM3,53.4064,6.4817,-150.0,Eenrum (Westernieland) niveau 3,1995-04-12T00:00:00,
NL,ENM4,53.4064,6.4817,-200.0,Eenrum (Westernieland) niveau 4,1995-04-12T00:00:00,
NL,ENV1,52.8944,6.6337,-50.0,Elp (Enerveen) niveau 1,1995-09-09T00:00:00,
NL,ENV2,52.8944,6.6337,-100.0,Elp (Enerveen) niveau 2,1995-09-09T00:00:00,
NL,ENV3,52.8944,6.6337,-150.0,Elp (Enerveen) niveau 3,1995-09-09T00:00:00,
NL,ENV4,52.8944,6.6337,-200.0,Elp (Enerveen) niveau 4,1995-09-09T00:00:00,
NL,EXL01,52.908069,6.865355,6.0,Exloo Infrasound Array,2005-01-01T00:00:00,
NL,EXL02,52.906794999999995,6.865549000000001,7.0,Exloo Infrasound Array,2005-01-01T00:00:00,
NL,EXL03,52.90829,6.86401,6.0,Exloo Infrasound Array,2005-01-01T00:00:00,
NL,EXL04,52.906704000000005,6.865989,4.0,Exloo Infrasound Array,2005-01-01T00:00:00,
NL,EXL05,52.90825699999999,6.8678289999999995,6.0,Exloo Infrasound Array,2005-01-01T00:00:00,
NL,EXL06,52.907097,6.865533,6.0,Exloo Infrasound Array,2005-01-01T00:00:00,
NL,FDG1,53.2562,5.5481,-50.0,Firdgum niveau 1,2009-10-13T00:00:00,
NL,FDG2,53.2562,5.5481,-100.0,Firdgum niveau 2,2009-10-13T00:00:00,
NL,FDG3,53.2562,5.5481,-150.0,Firdgum niveau 3,2009-10-13T00:00:00,
NL,FDG4,53.2562,5.5481,-200.0,Firdgum niveau 4,2009-10-13T00:00:00,
NL,FSW1,53.2135,7.1195,-50.0,Finsterwolde niveau 1,1995-05-05T00:00:00,
NL,FSW2,53.2135,7.1195,-100.0,Finsterwolde niveau 2,1995-05-05T00:00:00,
NL,FSW3,53.2135,7.1195,-150.0,Finsterwolde niveau 3,1995-05-05T00:00:00,
NL,FSW4,53.2135,7.1195,-200.0,Finsterwolde niveau 4,1995-05-05T00:00:00,2016-06-14T08:00:00
NL,FSW5,53.2135,7.1195,-250.0,Finsterwolde niveau 5,1995-05-05T00:00:00,
NL,G010,53.442535,6.731191,0.0,Uithuizermeeden (niveau 0),2015-02-10T00:00:00,
NL,G011,53.442535,6.731191,-50.0,Uithuizermeeden (niveau 1),2015-02-10T00:00:00,
NL,G012,53.442535,6.731191,-100.0,Uithuizermeeden (niveau 2),2015-02-10T00:00:00,
NL,G013,53.442535,6.731191,-150.0,Uithuizermeeden (niveau 3),2015-02-10T00:00:00,
NL,G014,53.442535,6.731191,-200.0,Uithuizermeeden (niveau 4),2015-02-10T00:00:00,
NL,G020,53.449009999999994,6.805842,0.0,Eemshaven (niveau 0),2015-02-10T00:00:00,
NL,G021,53.449009999999994,6.805842,-50.0,Eemshaven (niveau 1),2015-02-10T00:00:00,
NL,G022,53.449009999999994,6.805842,-100.0,Eemshaven (niveau 2),2015-02-10T00:00:00,
NL,G023,53.449009999999994,6.805842,-150.0,Eemshaven (niveau 3),2015-02-10T00:00:00,
NL,G024,53.449009999999994,6.805842,-200.0,Eemshaven (niveau 4),2015-02-10T00:00:00,
NL,G030,53.415886,6.5975589999999995,0.0,Usquert (niveau 0),2015-02-10T00:00:00,
NL,G031,53.415886,6.5975589999999995,-50.0,Usquert (niveau 1),2015-02-10T00:00:00,
NL,G032,53.415886,6.5975589999999995,-100.0,Usquert (niveau 2),2015-02-10T00:00:00,
NL,G033,53.415886,6.5975589999999995,-150.0,Usquert (niveau 3),2015-02-10T00:00:00,
NL,G034,53.415886,6.5975589999999995,-200.0,Usquert (niveau 4),2015-02-10T00:00:00,
NL,G040,53.41469,6.67472,0.0,Uithuizen (niveau 0),2015-06-04T00:00:00,
NL,G041,53.41469,6.67472,-50.0,Uithuizen (niveau 1),2015-06-04T00:00:00,
NL,G042,53.41469,6.67472,-100.0,Uithuizen (niveau 2),2015-06-04T00:00:00,
NL,G043,53.41469,6.67472,-150.0,Uithuizen (niveau 3),2015-06-04T00:00:00,
NL,G044,53.41469,6.67472,-200.0,Uithuizen (niveau 4),2015-06-04T00:00:00,
NL,G050,53.418438,6.771304,0.0,Roodeschool (niveau 0),2015-07-16T00:00:00,
NL,G051,53.418438,6.771304,-50.0,Roodeschool (niveau 1),2015-07-16T00:00:00,
NL,G052,53.418438,6.771304,-100.0,Roodeschool (niveau 2),2015-07-16T00:00:00,
NL,G053,53.418438,6.771304,-150.0,Roodeschool (niveau 3),2015-07-16T00:00:00,
NL,G054,53.418438,6.771304,-200.0,Roodeschool (niveau 4),2015-07-16T00:00:00,
NL,G060,53.411094999999996,6.870878,0.0,Spijk - Vierhuizen (niveau 0),2015-09-15T00:00:00,
NL,G061,53.411094999999996,6.870878,-50.0,Spijk - Vierhuizen (niveau 1),2015-09-15T00:00:00,
NL,G062,53.411094999999996,6.870878,-100.0,Spijk - Vierhuizen (niveau 2),2015-09-15T00:00:00,
NL,G063,53.411094999999996,6.870878,-150.0,Spijk - Vierhuizen (niveau 3),2015-09-15T00:00:00,
NL,G064,53.411094999999996,6.870878,-200.0,Spijk - Vierhuizen (niveau 4),2015-09-15T00:00:00,
NL,G070,53.394580000000005,6.545769,0.0,Warffum (niveau 0),2015-09-24T00:00:00,
NL,G071,53.394580000000005,6.545769,-50.0,Warffum (niveau 1),2015-09-24T00:00:00,
NL,G072,53.394580000000005,6.545769,-100.0,Warffum (niveau 2),2015-09-24T00:00:00,
NL,G073,53.394580000000005,6.545769,-150.0,Warffum (niveau 3),2015-09-24T00:00:00,
NL,G074,53.394580000000005,6.545769,-200.0,Warffum (niveau 4),2015-09-24T00:00:00,
NL,G080,53.395447,6.643896000000001,0.0,Rottum (niveau 0),2015-09-22T00:00:00,
NL,G081,53.395447,6.643896000000001,-50.0,Rottum (niveau 1),2015-09-22T00:00:00,
NL,G082,53.395447,6.643896000000001,-100.0,Rottum (niveau 2),2015-09-22T00:00:00,
NL,G083,53.395447,6.643896000000001,-150.0,Rottum (niveau 3),2015-09-22T00:00:00,
NL,G084,53.395447,6.643896000000001,-200.0,Rottum (niveau 4),2015-09-22T00:00:00,
NL,G090,53.387764000000004,6.724525,0.0,Oldenzijl (niveau 0),2015-09-18T00:00:00,
NL,G091,53.387764000000004,6.724525,-50.0,Oldenzijl (niveau 1),2015-09-18T00:00:00,
NL,G092,53.387764000000004,6.724525,-100.0,Oldenzijl (niveau 2),2015-09-18T00:00:00,
NL,G093,53.387764000000004,6.724525,-150.0,Oldenzijl (niveau 3),2015-09-18T00:00:00,
NL,G094,53.387764000000004,6.724525,-200.0,Oldenzijl (niveau 4),2015-09-18T00:00:00,
NL,G100,53.37846999999999,6.804435000000001,0.0,Godlinze (niveau 0),2015-09-08T00:00:00,
NL,G101,53.37846999999999,6.804435000000001,-50.0,Godlinze (niveau 1),2015-09-08T00:00:00,
NL,G102,53.37846999999999,6.804435000000001,-100.0,Godlinze (niveau 2),2015-09-08T00:00:00,
NL,G103,53.37846999999999,6.804435000000001,-150.0,Godlinze (niveau 3),2015-09-08T00:00:00,
NL,G104,53.37846999999999,6.804435000000001,-200.0,Godlinze (niveau 4),2015-09-08T00:00:00,
NL,G110,53.366917,6.889139,0.0,Holwierde (niveau 0),2015-12-08T00:00:00,
NL,G111,53.366917,6.889139,-50.0,Holwierde (niveau 1),2015-12-08T00:00:00,
NL,G112,53.366917,6.889139,-100.0,Holwierde (niveau 2),2015-12-08T00:00:00,
NL,G113,53.366917,6.889139,-150.0,Holwierde (niveau 3),2015-12-08T00:00:00,
NL,G114,53.366917,6.889139,-200.0,Holwierde (niveau 4),2015-12-08T00:00:00,
NL,G120,53.36991999999999,6.571389999999999,0.0,Warffum (niveau 0),2017-10-05T00:00:00,
NL,G121,53.36991999999999,6.571389999999999,-50.0,Warffum (niveau 1),2017-10-05T00:00:00,
NL,G122,53.36991999999999,6.571389999999999,-100.0,Warffum (niveau 2),2017-10-05T00:00:00,
NL,G123,53.36991999999999,6.571389999999999,-150.0,Warffum (niveau 3),2017-10-05T00:00:00,
NL,G124,53.36991999999999,6.571389999999999,-200.0,Warffum (niveau 4),2017-10-05T00:00:00,
NL,G130,53.34894,6.668564,0.0,Middelstum (niveau 0),2015-09-22T00:00:00,
NL,G131,53.34894,6.668564,-50.0,Middelstum (niveau 1),2015-09-22T00:00:00,
NL,G132,53.34894,6.668564,-100.0,Middelstum (niveau 2),2015-09-22T00:00:00,
NL,G133,53.34894,6.668564,-150.0,Middelstum (niveau 3),2015-09-22T00:00:00,
NL,G134,53.34894,6.668564,-200.0,Middelstum (niveau 4),2015-09-22T00:00:00,
NL,G140,53.35860400000001,6.770835000000001,0.0,t Zandt GN (niveau 0),2015-02-11T00:00:00,
NL,G141,53.35860400000001,6.770835000000001,-50.0,t Zandt GN (niveau 1),2015-02-11T00:00:00,
NL,G142,53.35860400000001,6.770835000000001,-100.0,t Zandt GN (niveau 2),2015-02-11T00:00:00,
NL,G143,53.35860400000001,6.770835000000001,-150.0,t Zandt GN (niveau 3),2015-02-11T00:00:00,
NL,G144,53.35860400000001,6.770835000000001,-200.0,t Zandt GN (niveau 4),2015-02-11T00:00:00,
NL,G160,53.338528000000004,6.531397,0.0,Winsum (niveau 0),2015-09-17T00:00:00,
NL,G161,53.338528000000004,6.531397,-50.0,Winsum (niveau 1),2015-09-17T00:00:00,
NL,G162,53.338528000000004,6.531397,-100.0,Winsum (niveau 2),2015-09-17T00:00:00,
NL,G163,53.338528000000004,6.531397,-150.0,Winsum (niveau 3),2015-09-17T00:00:00,
NL,G164,53.338528000000004,6.531397,-200.0,Winsum (niveau 4),2015-09-17T00:00:00,
NL,G170,53.336197,6.6363460000000005,0.0,Middelstum (niveau 0),2015-04-29T00:00:00,
NL,G171,53.336197,6.6363460000000005,-50.0,Middelstum (niveau 1),2015-04-29T00:00:00,
NL,G172,53.336197,6.6363460000000005,-100.0,Middelstum (niveau 2),2015-04-29T00:00:00,
NL,G173,53.336197,6.6363460000000005,-150.0,Middelstum (niveau 3),2015-04-29T00:00:00,
NL,G174,53.336197,6.6363460000000005,-200.0,Middelstum (niveau 4),2015-04-29T00:00:00,
NL,G180,53.330624,6.7217020000000005,0.0,Loppersum (niveau 0),2015-09-18T00:00:00,
NL,G181,53.330624,6.7217020000000005,-50.0,Loppersum (niveau 1),2015-09-18T00:00:00,
NL,G182,53.330624,6.7217020000000005,-100.0,Loppersum (niveau 2),2015-09-18T00:00:00,
NL,G183,53.330624,6.7217020000000005,-150.0,Loppersum (niveau 3),2015-09-18T00:00:00,
NL,G184,53.330624,6.7217020000000005,-200.0,Loppersum (niveau 4),2015-09-18T00:00:00,
NL,G190,53.337814,6.817032000000001,0.0,Oostwijtwerd (niveau 0),2015-09-18T00:00:00,
NL,G191,53.337814,6.817032000000001,-50.0,Oostwijtwerd (niveau 1),2015-09-18T00:00:00,
NL,G192,53.337814,6.817032000000001,-100.0,Oostwijtwerd (niveau 2),2015-09-18T00:00:00,
NL,G193,53.337814,6.817032000000001,-150.0,Oostwijtwerd (niveau 3),2015-09-18T00:00:00,
NL,G194,53.337814,6.817032000000001,-200.0,Oostwijtwerd (niveau 4),2015-09-18T00:00:00,
NL,G200,53.335297,6.8951649999999995,0.0,Biessum (niveau 0),2015-05-28T00:00:00,
NL,G201,53.335297,6.8951649999999995,-50.0,Biessum (niveau 1),2015-05-28T00:00:00,
NL,G202,53.335297,6.8951649999999995,-100.0,Biessum (niveau 2),2015-05-28T00:00:00,
NL,G203,53.335297,6.8951649999999995,-150.0,Biessum (niveau 3),2015-05-28T00:00:00,
NL,G204,53.335297,6.8951649999999995,-200.0,Biessum (niveau 4),2015-05-28T00:00:00,
NL,G210,53.313373999999996,6.593737,0.0,Vroetende mol (niveau 0),2015-09-17T00:00:00,
NL,G211,53.313373999999996,6.593737,-50.0,Vroetende mol (niveau 1),2015-09-17T00:00:00,
NL,G212,53.313373999999996,6.593737,-100.0,Vroetende mol (niveau 2),2015-09-17T00:00:00,
NL,G213,53.313373999999996,6.593737,-150.0,Vroetende mol (niveau 3),2015-09-17T00:00:00,
NL,G214,53.313373999999996,6.593737,-200.0,Vroetende mol (niveau 4),2015-09-17T00:00:00,
NL,G220,53.31035,6.677621,0.0,Stedum (niveau 0),2015-02-10T00:00:00,
NL,G221,53.31035,6.677621,-50.0,Stedum (niveau 1),2015-02-10T00:00:00,
NL,G222,53.31035,6.677621,-100.0,Stedum (niveau 2),2015-02-10T00:00:00,
NL,G223,53.31035,6.677621,-150.0,Stedum (niveau 3),2015-02-10T00:00:00,
NL,G224,53.31035,6.677621,-200.0,Stedum (niveau 4),2015-02-10T00:00:00,
NL,G230,53.309490000000004,6.767527,0.0,Garrelsweer (niveau 0),2015-02-16T00:00:00,
NL,G231,53.309490000000004,6.767527,-50.0,Garrelsweer (niveau 1),2015-02-16T00:00:00,
NL,G232,53.309490000000004,6.767527,-100.0,Garrelsweer (niveau 2),2015-02-16T00:00:00,
NL,G233,53.309490000000004,6.767527,-150.0,Garrelsweer (niveau 3),2015-02-16T00:00:00,
NL,G234,53.309490000000004,6.767527,-200.0,Garrelsweer (niveau 4),2015-02-16T00:00:00,
NL,G240,53.289974,6.856169,0.0,Steendam (niveau 0),2014-11-12T00:00:00,
NL,G241,53.289974,6.856169,-50.0,Steendam (niveau 1),2014-11-12T00:00:00,
NL,G242,53.289974,6.856169,-100.0,Steendam (niveau 2),2014-11-12T00:00:00,
NL,G243,53.289974,6.856169,-150.0,Steendam (niveau 3),2014-11-12T00:00:00,
NL,G244,53.289974,6.856169,-200.0,Steendam (niveau 4),2014-11-12T00:00:00,
NL,G250,53.308117,6.943312,0.0,Weiwerd (niveau 0),2017-05-12T00:00:00,
NL,G251,53.308117,6.943312,-50.0,Weiwerd (niveau 1),2017-05-12T00:00:00,
NL,G252,53.308117,6.943312,-100.0,Weiwerd (niveau 2),2017-05-12T00:00:00,
NL,G253,53.308117,6.943312,-150.0,Weiwerd (niveau 3),2017-05-12T00:00:00,
NL,G254,53.308117,6.943312,-200.0,Weiwerd (niveau 4),2017-05-12T00:00:00,
NL,G260,53.28208000000001,6.545806,0.0,Adorp (niveau 0),2015-10-22T00:00:00,
NL,G261,53.28208000000001,6.545806,-50.0,Adorp (niveau 1),2015-10-22T00:00:00,
NL,G262,53.28208000000001,6.545806,-100.0,Adorp (niveau 2),2015-10-22T00:00:00,
NL,G263,53.28208000000001,6.545806,-150.0,Adorp (niveau 3),2015-10-22T00:00:00,
NL,G264,53.28208000000001,6.545806,-200.0,Adorp (niveau 4),2015-10-22T00:00:00,
NL,G270,53.28318,6.628118,0.0,Ellerhuizen (niveau 0),2015-11-27T00:00:00,
NL,G271,53.28318,6.628118,-50.0,Ellerhuizen (niveau 1),2015-11-27T00:00:00,
NL,G272,53.28318,6.628118,-100.0,Ellerhuizen (niveau 2),2015-11-27T00:00:00,
NL,G273,53.28318,6.628118,-150.0,Ellerhuizen (niveau 3),2015-11-27T00:00:00,
NL,G274,53.28318,6.628118,-200.0,Ellerhuizen (niveau 4),2015-11-27T00:00:00,
NL,G280,53.27221,6.729164,0.0,Woltersum (niveau 0),2016-03-28T00:00:00,
NL,G281,53.27221,6.729164,-50.0,Woltersum (niveau 1),2016-03-28T00:00:00,
NL,G282,53.27221,6.729164,-100.0,Woltersum (niveau 2),2016-03-28T00:00:00,
NL,G283,53.27221,6.729164,-150.0,Woltersum (niveau 3),2016-03-28T00:00:00,
NL,G284,53.27221,6.729164,-200.0,Woltersum (niveau 4),2016-03-28T00:00:00,
NL,G290,53.281406000000004,6.7869660000000005,0.0,Overschild (niveau 0),2015-09-22T00:00:00,
NL,G291,53.281406000000004,6.7869660000000005,-50.0,Overschild (niveau 1),2015-09-22T00:00:00,
NL,G292,53.281406000000004,6.7869660000000005,-100.0,Overschild (niveau 2),2015-09-22T00:00:00,
NL,G293,53.281406000000004,6.7869660000000005,-150.0,Overschild (niveau 3),2015-09-22T00:00:00,
NL,G294,53.281406000000004,6.7869660000000005,-200.0,Overschild (niveau 4),2015-09-22T00:00:00,
NL,G300,53.27916999999999,6.895144999999999,0.0,Meedhuizen (niveau 0),2014-10-23T00:00:00,
NL,G301,53.27916999999999,6.895144999999999,-50.0,Meedhuizen (niveau 1),2014-10-23T00:00:00,
NL,G302,53.27916999999999,6.895144999999999,-100.0,Meedhuizen (niveau 2),2014-10-23T00:00:00,
NL,G303,53.27916999999999,6.895144999999999,-150.0,Meedhuizen (niveau 3),2014-10-23T00:00:00,
NL,G304,53.27916999999999,6.895144999999999,-200.0,Meedhuizen (niveau 4),2014-10-23T00:00:00,
NL,G310,53.296195999999995,7.021758999999999,0.0,Borgsweer (niveau 0),2015-11-27T00:00:00,
NL,G311,53.296195999999995,7.021758999999999,-50.0,Borgsweer (niveau 1),2015-11-27T00:00:00,
NL,G312,53.296195999999995,7.021758999999999,-100.0,Borgsweer (niveau 2),2015-11-27T00:00:00,
NL,G313,53.296195999999995,7.021758999999999,-150.0,Borgsweer (niveau 3),2015-11-27T00:00:00,
NL,G314,53.296195999999995,7.021758999999999,-200.0,Borgsweer (niveau 4),2015-11-27T00:00:00,
NL,G320,53.24981,6.57919,0.0,Groningen - Hornbach (niveau 0),2015-11-27T00:00:00,
NL,G321,53.24981,6.57919,-50.0,Groningen - Hornbach (niveau 1),2015-11-27T00:00:00,
NL,G322,53.24981,6.57919,-100.0,Groningen - Hornbach (niveau 2),2015-11-27T00:00:00,
NL,G323,53.24981,6.57919,-150.0,Groningen - Hornbach (niveau 3),2015-11-27T00:00:00,
NL,G324,53.24981,6.57919,-200.0,Groningen - Hornbach (niveau 4),2015-11-27T00:00:00,
NL,G330,53.24991,6.670763000000001,0.0,Garmerwolde (niveau 0),2016-01-22T00:00:00,
NL,G331,53.24991,6.670763000000001,-50.0,Garmerwolde (niveau 1),2016-01-22T00:00:00,
NL,G332,53.24991,6.670763000000001,-100.0,Garmerwolde (niveau 2),2016-01-22T00:00:00,
NL,G333,53.24991,6.670763000000001,-150.0,Garmerwolde (niveau 3),2016-01-22T00:00:00,
NL,G334,53.24991,6.670763000000001,-200.0,Garmerwolde (niveau 4),2016-01-22T00:00:00,
NL,G340,53.25252,6.76508,0.0,Overschild (niveau 0),2014-10-23T00:00:00,
NL,G341,53.25252,6.76508,-50.0,Overschild (niveau 1),2014-10-23T00:00:00,
NL,G342,53.25252,6.76508,-100.0,Overschild (niveau 2),2014-10-23T00:00:00,
NL,G343,53.25252,6.76508,-150.0,Overschild (niveau 3),2014-10-23T00:00:00,
NL,G344,53.25252,6.76508,-200.0,Overschild (niveau 4),2014-10-23T00:00:00,
NL,G350,53.254936,6.8621360000000005,0.0,Sidderburen (niveau 0),2017-04-04T00:00:00,
NL,G351,53.254936,6.8621360000000005,-50.0,Sidderburen (niveau 1),2017-04-04T00:00:00,
NL,G352,53.254936,6.8621360000000005,-100.0,Sidderburen (niveau 2),2017-04-04T00:00:00,
NL,G353,53.254936,6.8621360000000005,-150.0,Sidderburen (niveau 3),2017-04-04T00:00:00,
NL,G354,53.254936,6.8621360000000005,-200.0,Sidderburen (niveau 4),2017-04-04T00:00:00,
NL,G360,53.26505,6.924453999999999,0.0,Wagenborgen (niveau 0),2015-12-07T00:00:00,
NL,G361,53.26505,6.924453999999999,-50.0,Wagenborgen (niveau 1),2015-12-07T00:00:00,
NL,G362,53.26505,6.924453999999999,-100.0,Wagenborgen (niveau 2),2015-12-07T00:00:00,
NL,G363,53.26505,6.924453999999999,-150.0,Wagenborgen (niveau 3),2015-12-07T00:00:00,
NL,G364,53.26505,6.924453999999999,-200.0,Wagenborgen (niveau 4),2015-12-07T00:00:00,
NL,G370,53.273952,7.035,0.0,Woldendorp (niveau 0),2015-12-02T00:00:00,
NL,G371,53.273952,7.035,-50.0,Woldendorp (niveau 1),2015-12-02T00:00:00,
NL,G372,53.273952,7.035,-100.0,Woldendorp (niveau 2),2015-12-02T00:00:00,
NL,G373,53.273952,7.035,-150.0,Woldendorp (niveau 3),2015-12-02T00:00:00,
NL,G374,53.273952,7.035,-200.0,Woldendorp (niveau 4),2015-12-02T00:00:00,
NL,G380,53.200511999999996,6.547562999999999,0.0,Groningen - gasunie (niveau 0),2016-04-11T00:00:00,
NL,G381,53.200511999999996,6.547562999999999,-50.0,Groningen - gasunie (niveau 1),2016-04-11T00:00:00,
NL,G382,53.200511999999996,6.547562999999999,-100.0,Groningen - gasunie (niveau 2),2016-04-11T00:00:00,
NL,G383,53.200511999999996,6.547562999999999,-150.0,Groningen - gasunie (niveau 3),2016-04-11T00:00:00,
NL,G384,53.200511999999996,6.547562999999999,-200.0,Groningen - gasunie (niveau 4),2016-04-11T00:00:00,
NL,G390,53.22525,6.724121,0.0,Woudbloemsloot (niveau 0),2014-10-24T00:00:00,
NL,G391,53.22525,6.724121,-50.0,Woudbloemsloot (niveau 1),2014-10-24T00:00:00,
NL,G392,53.22525,6.724121,-100.0,Woudbloemsloot (niveau 2),2014-10-24T00:00:00,
NL,G393,53.22525,6.724121,-150.0,Woudbloemsloot (niveau 3),2014-10-24T00:00:00,
NL,G394,53.22525,6.724121,-200.0,Woudbloemsloot (niveau 4),2014-10-24T00:00:00,
NL,G400,53.22501,6.809874000000001,0.0,Schildwolde (niveau 0),2014-10-24T00:00:00,
NL,G401,53.22501,6.809874000000001,-50.0,Schildwolde (niveau 1),2014-10-24T00:00:00,
NL,G402,53.22501,6.809874000000001,-100.0,Schildwolde (niveau 2),2014-10-24T00:00:00,
NL,G403,53.22501,6.809874000000001,-150.0,Schildwolde (niveau 3),2014-10-24T00:00:00,
NL,G404,53.22501,6.809874000000001,-200.0,Schildwolde (niveau 4),2014-10-24T00:00:00,
NL,G410,53.223434,6.8918669999999995,0.0,Noordbroek (niveau 0),2015-09-22T00:00:00,
NL,G411,53.223434,6.8918669999999995,-50.0,Noordbroek (niveau 1),2015-09-22T00:00:00,
NL,G412,53.223434,6.8918669999999995,-100.0,Noordbroek (niveau 2),2015-09-22T00:00:00,
NL,G413,53.223434,6.8918669999999995,-150.0,Noordbroek (niveau 3),2015-09-22T00:00:00,
NL,G414,53.223434,6.8918669999999995,-200.0,Noordbroek (niveau 4),2015-09-22T00:00:00,
NL,G420,53.221687,6.9886490000000006,0.0,Nieuwolda (niveau 0),2015-02-11T00:00:00,
NL,G421,53.221687,6.9886490000000006,-50.0,Nieuwolda (niveau 1),2015-02-11T00:00:00,
NL,G422,53.221687,6.9886490000000006,-100.0,Nieuwolda (niveau 2),2015-02-11T00:00:00,
NL,G423,53.221687,6.9886490000000006,-150.0,Nieuwolda (niveau 3),2015-02-11T00:00:00,
NL,G424,53.221687,6.9886490000000006,-200.0,Nieuwolda (niveau 4),2015-02-11T00:00:00,
NL,G430,53.231853,7.079074,0.0,Finsterwolde (niveau 0),2015-06-25T00:00:00,
NL,G431,53.231853,7.079074,-50.0,Finsterwolde (niveau 1),2015-06-25T00:00:00,
NL,G432,53.231853,7.079074,-100.0,Finsterwolde (niveau 2),2015-06-25T00:00:00,
NL,G433,53.231853,7.079074,-150.0,Finsterwolde (niveau 3),2015-06-25T00:00:00,
NL,G434,53.231853,7.079074,-200.0,Finsterwolde (niveau 4),2015-06-25T00:00:00,
NL,G440,53.204193000000004,6.6839580000000005,0.0,Harkstede (niveau 0),2015-02-11T00:00:00,
NL,G441,53.204193000000004,6.6839580000000005,-50.0,Harkstede (niveau 1),2015-02-11T00:00:00,
NL,G442,53.204193000000004,6.6839580000000005,-100.0,Harkstede (niveau 2),2015-02-11T00:00:00,
NL,G443,53.204193000000004,6.6839580000000005,-150.0,Harkstede (niveau 3),2015-02-11T00:00:00,
NL,G444,53.204193000000004,6.6839580000000005,-200.0,Harkstede (niveau 4),2015-02-11T00:00:00,
NL,G450,53.199535,6.7644779999999995,0.0,Ruiten (niveau 0),2014-10-23T00:00:00,
NL,G451,53.199535,6.7644779999999995,-50.0,Ruiten (niveau 1),2014-10-23T00:00:00,
NL,G452,53.199535,6.7644779999999995,-100.0,Ruiten (niveau 2),2014-10-23T00:00:00,
NL,G453,53.199535,6.7644779999999995,-150.0,Ruiten (niveau 3),2014-10-23T00:00:00,
NL,G454,53.199535,6.7644779999999995,-200.0,Ruiten (niveau 4),2014-10-23T00:00:00,
NL,G460,53.19783,6.849796,0.0,Noordbroek (niveau 0),2014-10-31T00:00:00,
NL,G461,53.19783,6.849796,-50.0,Noordbroek (niveau 1),2014-10-31T00:00:00,
NL,G462,53.19783,6.849796,-100.0,Noordbroek (niveau 2),2014-10-31T00:00:00,
NL,G463,53.19783,6.849796,-150.0,Noordbroek (niveau 3),2014-10-31T00:00:00,
NL,G464,53.19783,6.849796,-200.0,Noordbroek (niveau 4),2014-10-31T00:00:00,
NL,G470,53.19635,6.941322,0.0,Nieuw Scheemda (niveau 0),2016-03-28T00:00:00,
NL,G471,53.19635,6.941322,-50.0,Nieuw Scheemda (niveau 1),2016-03-28T00:00:00,
NL,G472,53.19635,6.941322,-100.0,Nieuw Scheemda (niveau 2),2016-03-28T00:00:00,
NL,G473,53.19635,6.941322,-150.0,Nieuw Scheemda (niveau 3),2016-03-28T00:00:00,
NL,G474,53.19635,6.941322,-200.0,Nieuw Scheemda (niveau 4),2016-03-28T00:00:00,
NL,G480,53.19726,7.028954,0.0,Midwolda (niveau 0),2016-06-21T00:00:00,
NL,G481,53.19726,7.028954,-50.0,Midwolda (niveau 1),2016-06-21T00:00:00,
NL,G482,53.19726,7.028954,-100.0,Midwolda (niveau 2),2016-06-21T00:00:00,
NL,G483,53.19726,7.028954,-150.0,Midwolda (niveau 3),2016-06-21T00:00:00,
NL,G484,53.19726,7.028954,-200.0,Midwolda (niveau 4),2016-06-21T00:00:00,
NL,G490,53.176469999999995,6.730598,0.0,Kolham (niveau 0),2014-10-23T00:00:00,
NL,G491,53.176469999999995,6.730598,-50.0,Kolham (niveau 1),2014-10-23T00:00:00,
NL,G492,53.176469999999995,6.730598,-100.0,Kolham (niveau 2),2014-10-23T00:00:00,
NL,G493,53.176469999999995,6.730598,-150.0,Kolham (niveau 3),2014-10-23T00:00:00,
NL,G494,53.176469999999995,6.730598,-200.0,Kolham (niveau 4),2014-10-23T00:00:00,
NL,G500,53.174526,6.809342999999999,0.0,Sappemeer (niveau 0),2015-08-28T00:00:00,
NL,G501,53.174526,6.809342999999999,-50.0,Sappemeer (niveau 1),2015-08-28T00:00:00,
NL,G502,53.174526,6.809342999999999,-100.0,Sappemeer (niveau 2),2015-08-28T00:00:00,
NL,G503,53.174526,6.809342999999999,-150.0,Sappemeer (niveau 3),2015-08-28T00:00:00,
NL,G504,53.174526,6.809342999999999,-200.0,Sappemeer (niveau 4),2015-08-28T00:00:00,
NL,G510,53.1732,6.884810000000001,0.0,Zuidbroek (niveau 0),2015-02-11T00:00:00,
NL,G511,53.1732,6.884810000000001,-50.0,Zuidbroek (niveau 1),2015-02-11T00:00:00,
NL,G512,53.1732,6.884810000000001,-100.0,Zuidbroek (niveau 2),2015-02-11T00:00:00,
NL,G513,53.1732,6.884810000000001,-150.0,Zuidbroek (niveau 3),2015-02-11T00:00:00,
NL,G514,53.1732,6.884810000000001,-200.0,Zuidbroek (niveau 4),2015-02-11T00:00:00,
NL,G520,53.16989,6.983663000000001,0.0,Scheemda (niveau 0),2015-02-12T00:00:00,
NL,G521,53.16989,6.983663000000001,-50.0,Scheemda (niveau 1),2015-02-12T00:00:00,
NL,G522,53.16989,6.983663000000001,-100.0,Scheemda (niveau 2),2015-02-12T00:00:00,
NL,G523,53.16989,6.983663000000001,-150.0,Scheemda (niveau 3),2015-02-12T00:00:00,
NL,G524,53.16989,6.983663000000001,-200.0,Scheemda (niveau 4),2015-02-12T00:00:00,
NL,G530,53.167362,7.08012,0.0,Beerta (niveau 0),2015-10-29T00:00:00,
NL,G531,53.167362,7.08012,-50.0,Beerta (niveau 1),2015-10-29T00:00:00,
NL,G532,53.167362,7.08012,-100.0,Beerta (niveau 2),2015-10-29T00:00:00,
NL,G533,53.167362,7.08012,-150.0,Beerta (niveau 3),2015-10-29T00:00:00,
NL,G534,53.167362,7.08012,-200.0,Beerta (niveau 4),2015-10-29T00:00:00,
NL,G540,53.124283,6.757957000000001,0.0,Kielwinde (niveau 0),2015-09-15T00:00:00,
NL,G541,53.124283,6.757957000000001,-50.0,Kielwinde (niveau 1),2015-09-15T00:00:00,
NL,G542,53.124283,6.757957000000001,-100.0,Kielwinde (niveau 2),2015-09-15T00:00:00,
NL,G543,53.124283,6.757957000000001,-150.0,Kielwinde (niveau 3),2015-09-15T00:00:00,
NL,G544,53.124283,6.757957000000001,-200.0,Kielwinde (niveau 4),2015-09-15T00:00:00,
NL,G550,53.143345,6.846056,0.0,Muntendam (niveau 0),2015-02-12T00:00:00,
NL,G551,53.143345,6.846056,-50.0,Muntendam (niveau 1),2015-02-12T00:00:00,
NL,G552,53.143345,6.846056,-100.0,Muntendam (niveau 2),2015-02-12T00:00:00,
NL,G553,53.143345,6.846056,-150.0,Muntendam (niveau 3),2015-02-12T00:00:00,
NL,G554,53.143345,6.846056,-200.0,Muntendam (niveau 4),2015-02-12T00:00:00,
NL,G560,53.14844,6.930871000000001,0.0,Meeden (niveau 0),2015-02-12T00:00:00,
NL,G561,53.14844,6.930871000000001,-50.0,Meeden (niveau 1),2015-02-12T00:00:00,
NL,G562,53.14844,6.930871000000001,-100.0,Meeden (niveau 2),2015-02-12T00:00:00,
NL,G563,53.14844,6.930871000000001,-150.0,Meeden (niveau 3),2015-02-12T00:00:00,
NL,G564,53.14844,6.930871000000001,-200.0,Meeden (niveau 4),2015-02-12T00:00:00,
NL,G570,53.135130000000004,7.022222,0.0,Winschoten (niveau 0),2015-02-12T00:00:00,
NL,G571,53.135130000000004,7.022222,-50.0,Winschoten (niveau 1),2015-02-12T00:00:00,
NL,G572,53.135130000000004,7.022222,-100.0,Winschoten (niveau 2),2015-02-12T00:00:00,
NL,G573,53.135130000000004,7.022222,-150.0,Winschoten (niveau 3),2015-02-12T00:00:00,
NL,G574,53.135130000000004,7.022222,-200.0,Winschoten (niveau 4),2015-02-12T00:00:00,
NL,G580,53.110264,6.907052,0.0,Veendam (niveau 0),2015-06-30T00:00:00,
NL,G581,53.110264,6.907052,-50.0,Veendam (niveau 1),2015-06-30T00:00:00,
NL,G582,53.110264,6.907052,-100.0,Veendam (niveau 2),2015-06-30T00:00:00,
NL,G583,53.110264,6.907052,-150.0,Veendam (niveau 3),2015-06-30T00:00:00,
NL,G584,53.110264,6.907052,-200.0,Veendam (niveau 4),2015-06-30T00:00:00,
NL,G590,53.116028,6.987698,0.0,Oude Pekelaar (niveau 0),2015-12-04T00:00:00,
NL,G591,53.116028,6.987698,-50.0,Oude Pekelaar (niveau 1),2015-12-04T00:00:00,
NL,G592,53.116028,6.987698,-100.0,Oude Pekelaar (niveau 2),2015-12-04T00:00:00,
NL,G593,53.116028,6.987698,-150.0,Oude Pekelaar (niveau 3),2015-12-04T00:00:00,
NL,G594,53.116028,6.987698,-200.0,Oude Pekelaar (niveau 4),2015-12-04T00:00:00,
NL,G600,53.297934999999995,7.075193,0.0,Ter Munten (niveau 0),2015-08-28T00:00:00,
NL,G601,53.297934999999995,7.075193,-50.0,Ter Munten (niveau 1),2015-08-28T00:00:00,
NL,G602,53.297934999999995,7.075193,-100.0,Ter Munten (niveau 2),2015-08-28T00:00:00,
NL,G603,53.297934999999995,7.075193,-150.0,Ter Munten (niveau 3),2015-08-28T00:00:00,
NL,G604,53.297934999999995,7.075193,-200.0,Ter Munten (niveau 4),2015-08-28T00:00:00,
NL,G610,53.381855,6.681333,0.0,Zandeweer (niveau 0),2015-11-27T00:00:00,
NL,G611,53.381855,6.681333,-50.0,Zandeweer (niveau 1),2015-11-27T00:00:00,
NL,G612,53.381855,6.681333,-100.0,Zandeweer (niveau 2),2015-11-27T00:00:00,
NL,G613,53.381855,6.681333,-150.0,Zandeweer (niveau 3),2015-11-27T00:00:00,
NL,G614,53.381855,6.681333,-200.0,Zandeweer (niveau 4),2015-11-27T00:00:00,
NL,G620,53.38698,6.8419490000000005,0.0,Spijk (niveau 0),2015-09-08T00:00:00,
NL,G621,53.38698,6.8419490000000005,-50.0,Spijk (niveau 1),2015-09-08T00:00:00,
NL,G622,53.38698,6.8419490000000005,-100.0,Spijk (niveau 2),2015-09-08T00:00:00,
NL,G623,53.38698,6.8419490000000005,-150.0,Spijk (niveau 3),2015-09-08T00:00:00,
NL,G624,53.38698,6.8419490000000005,-200.0,Spijk (niveau 4),2015-09-08T00:00:00,
NL,G630,53.331430000000005,6.910878,0.0,Delfzijl (niveau 0),2015-09-15T00:00:00,
NL,G631,53.331430000000005,6.910878,-50.0,Delfzijl (niveau 1),2015-09-15T00:00:00,
NL,G632,53.331430000000005,6.910878,-100.0,Delfzijl (niveau 2),2015-09-15T00:00:00,
NL,G633,53.331430000000005,6.910878,-150.0,Delfzijl (niveau 3),2015-09-15T00:00:00,
NL,G634,53.331430000000005,6.910878,-200.0,Delfzijl (niveau 4),2015-09-15T00:00:00,
NL,G640,53.220726,7.038011999999999,0.0,Oostwold (niveau 0),2015-09-15T00:00:00,
NL,G641,53.220726,7.038011999999999,-50.0,Oostwold (niveau 1),2015-09-15T00:00:00,
NL,G642,53.220726,7.038011999999999,-100.0,Oostwold (niveau 2),2015-09-15T00:00:00,
NL,G643,53.220726,7.038011999999999,-150.0,Oostwold (niveau 3),2015-09-15T00:00:00,
NL,G644,53.220726,7.038011999999999,-200.0,Oostwold (niveau 4),2015-09-15T00:00:00,
NL,G650,53.169216000000006,6.954280000000001,0.0,Scheemda (niveau 0),2015-11-30T00:00:00,
NL,G651,53.169216000000006,6.954280000000001,-50.0,Scheemda (niveau 1),2015-11-30T00:00:00,
NL,G652,53.169216000000006,6.954280000000001,-100.0,Scheemda (niveau 2),2015-11-30T00:00:00,
NL,G653,53.169216000000006,6.954280000000001,-150.0,Scheemda (niveau 3),2015-11-30T00:00:00,
NL,G654,53.169216000000006,6.954280000000001,-200.0,Scheemda (niveau 4),2015-11-30T00:00:00,
NL,G660,53.179398,6.585236,0.0,Haren (niveau 0),2015-11-27T00:00:00,
NL,G661,53.179398,6.585236,-50.0,Haren (niveau 1),2015-11-27T00:00:00,
NL,G662,53.179398,6.585236,-100.0,Haren (niveau 2),2015-11-27T00:00:00,
NL,G663,53.179398,6.585236,-150.0,Haren (niveau 3),2015-11-27T00:00:00,
NL,G664,53.179398,6.585236,-200.0,Haren (niveau 4),2015-11-27T00:00:00,
NL,G670,53.32134,6.822783,0.0,Appingedam (niveau 0),2015-10-29T00:00:00,
NL,G671,53.32134,6.822783,-50.0,Appingedam (niveau 1),2015-10-29T00:00:00,
NL,G672,53.32134,6.822783,-100.0,Appingedam (niveau 2),2015-10-29T00:00:00,
NL,G673,53.32134,6.822783,-150.0,Appingedam (niveau 3),2015-10-29T00:00:00,
NL,G674,53.32134,6.822783,-200.0,Appingedam (niveau 4),2015-10-29T00:00:00,
NL,G680,53.235077000000004,6.63466,0.0,Ruicherbrug (niveau 0),2015-09-16T00:00:00,
NL,G681,53.235077000000004,6.63466,-50.0,Ruicherbrug (niveau 1),2015-09-16T00:00:00,
NL,G682,53.235077000000004,6.63466,-100.0,Ruicherbrug (niveau 2),2015-09-16T00:00:00,
NL,G683,53.235077000000004,6.63466,-150.0,Ruicherbrug (niveau 3),2015-09-16T00:00:00,
NL,G684,53.235077000000004,6.63466,-200.0,Ruicherbrug (niveau 4),2015-09-16T00:00:00,
NL,G690,53.212837,6.643776,0.0,Engelbert (niveau 0),2015-10-22T00:00:00,
NL,G691,53.212837,6.643776,-50.0,Engelbert (niveau 1),2015-10-22T00:00:00,
NL,G692,53.212837,6.643776,-100.0,Engelbert (niveau 2),2015-10-22T00:00:00,
NL,G693,53.212837,6.643776,-150.0,Engelbert (niveau 3),2015-10-22T00:00:00,
NL,G694,53.212837,6.643776,-200.0,Engelbert (niveau 4),2015-10-22T00:00:00,
NL,G700,53.2385392,6.5367816,0.0,Groningen - Universiteitscomplex (niveau 0),2016-04-28T00:00:00,
NL,G701,53.2385392,6.5367816,-50.0,Groningen - Universiteitscomplex (niveau 1),2016-04-28T00:00:00,
NL,G702,53.2385392,6.5367816,-100.0,Groningen - Universiteitscomplex (niveau 2),2016-04-28T00:00:00,
NL,G703,53.2385392,6.5367816,-150.0,Groningen - Universiteitscomplex (niveau 3),2016-04-28T00:00:00,
NL,G704,53.2385392,6.5367816,-200.0,Groningen - Universiteitscomplex (niveau 4),2016-04-28T00:00:00,
NL,G710,53.148299,6.650657000000001,0.0,Onnen (niveau 0),2017-12-04T00:00:00,
NL,G730,53.271889,6.430105999999999,0.0,Den Ham (niveau 0),2017-12-04T00:00:00,
NL,G740,53.304267,6.389409,0.0,Oldenhove (niveau 0),2017-12-04T00:00:00,
NL,G750,53.30775500000001,6.487526,0.0,Garnwerd (niveau 0),2017-12-04T00:00:00,
NL,G760,53.350715,6.390067,0.0,Zuurdijk (niveau 0),2017-12-04T00:00:00,
NL,G770,53.340286,6.330437,0.0,Niekerk (niveau 0),2017-12-04T00:00:00,
NL,G780,53.364822,6.489397,0.0,Baflo (niveau 0),2017-12-04T00:00:00,
NL,G790,53.383556999999996,6.331926999999999,0.0,Hornhuizen (niveau 0),2017-12-04T00:00:00,
NL,G800,53.415374,6.487625,0.0,Westernieland (niveau 0),2017-12-04T00:00:00,
NL,GUR1,51.1687,5.7846,30.0,Neeritter   n,2006-01-27T00:00:00,
NL,HGN,50.763999999999996,5.9317,135.0,"HEIMANSGROEVE, NETHERLANDS",2001-06-06T00:00:00,
NL,HWF1,53.071000000000005,6.3512,-50.0,Haulerwijk (Een) niveau 1,1995-06-02T00:00:00,
NL,HWF2,53.071000000000005,6.3512,-100.0,Haulerwijk (Een) niveau 2,1995-06-02T00:00:00,
NL,HWF3,53.071000000000005,6.3512,-150.0,Haulerwijk (Een) niveau 3,1995-06-02T00:00:00,
NL,HWF4,53.071000000000005,6.3512,-200.0,Haulerwijk (Een) niveau 4,1995-06-02T00:00:00,
NL,IS103,52.915209999999995,6.896464,-1.0,"Exloerveen, The Netherlands",2011-10-19T00:00:00,
NL,IS106,52.873598,6.984754,-1.0,"Valthermond, The Netherlands",2011-06-28T00:00:00,
NL,IS107,52.921273,7.096486,-2.0,"Ter Wisch, The Netherlands",2012-11-14T00:00:00,
NL,IS205,52.857911,6.896994,-1.0,"Valthe, The Netherlands",2011-06-09T00:00:00,
NL,IS206,52.811921999999996,6.822437,0.0,"Het Haantje, The Netherlands",2011-10-31T00:00:00,
NL,IS207,52.757875,6.972268,-1.0,"Nieuw-Dordrecht, The Netherlands",2011-08-15T00:00:00,
NL,IS208,52.668713000000004,6.917914,-1.0,"Schonebeek, The Netherlands",2012-11-14T00:00:00,
NL,IS302,52.901047,6.848749000000001,1.0,"Exloo, The Netherlands",2011-06-09T00:00:00,
NL,IS306,52.889637,6.743628999999999,1.0,"Ellertshaar, The Netherlands",2011-06-09T00:00:00,
NL,IS307,52.80388000000001,6.679710000000001,1.0,"Oldeveen, The Netherlands",2011-06-09T00:00:00,
NL,IS311,52.811785,6.394668,1.0,"Dwingeloo, The Netherlands",2012-11-14T00:00:00,
NL,IS406,53.015064,6.755422,1.0,"Gieten, The Netherlands",2011-08-17T00:00:00,
NL,IS411,53.035546,6.635628,1.0,"Taarlo, The Netherlands",2012-11-14T00:00:00,
NL,IS412,52.914864,6.606553999999999,1.0,"Westerbork, The Netherlands",2011-08-09T00:00:00,
NL,IS503,52.945337,6.850156,1.0,"Buinen, The Netherlands",2012-11-14T00:00:00,
NL,IS507,53.068743999999995,7.007303,1.0,"Alteveer, The Netherlands",2011-08-17T00:00:00,2015-10-09T00:00:00
NL,IS508,53.239546,6.953285,1.0,"Nieuwolda, The Netherlands",2011-08-15T00:00:00,
NL,IS509,53.408418999999995,6.784942999999999,1.0,"Roodeschool-Spijk, The Netherlands",2011-06-22T00:00:00,
NL,MAME,50.8,5.9727,154.0,Mamelis,2015-04-16T00:00:00,
NL,N010,53.11851,6.473259,2.0,Lieveren,2016-04-14T00:00:00,
NL,N011,53.11851,6.473259,2.0,Lieveren,2016-04-14T00:00:00,
NL,N012,53.11851,6.473259,2.0,Lieveren,2016-04-14T00:00:00,
NL,N013,53.11851,6.473259,2.0,Lieveren,2016-04-14T00:00:00,
NL,N014,53.11851,6.473259,2.0,Lieveren,2016-04-14T00:00:00,
NL,N020,53.071994999999994,6.452966,2.0,Norg,2016-02-04T00:00:00,
NL,N021,53.071994999999994,6.452966,2.0,Norg,2016-02-04T00:00:00,
NL,N022,53.071994999999994,6.452966,2.0,Norg,2016-02-04T00:00:00,
NL,N023,53.071994999999994,6.452966,2.0,Norg,2016-02-04T00:00:00,
NL,N024,53.071994999999994,6.452966,2.0,Norg,2016-02-04T00:00:00,
NL,N030,53.11103000000001,6.404509,2.0,Steenbergen,2016-02-04T00:00:00,
NL,N031,53.11103000000001,6.404509,2.0,Steenbergen,2016-02-04T00:00:00,
NL,N032,53.11103000000001,6.404509,2.0,Steenbergen,2016-02-04T00:00:00,
NL,N033,53.11103000000001,6.404509,2.0,Steenbergen,2016-02-04T00:00:00,
NL,N034,53.11103000000001,6.404509,2.0,Steenbergen,2016-02-04T00:00:00,
NL,NIW1,53.3548,6.042999999999999,-50.0,Niawier (Wetzens) niveau 1,2009-05-20T00:00:00,
NL,NIW2,53.3548,6.042999999999999,-100.0,Niawier (Wetzens) niveau 2,2009-05-20T00:00:00,
NL,NIW3,53.3548,6.042999999999999,-150.0,Niawier (Wetzens) niveau 3,2009-05-20T00:00:00,
NL,NIW4,53.3548,6.042999999999999,-200.0,Niawier (Wetzens) niveau 4,2009-05-20T00:00:00,
NL,OPLO,51.5888,5.8121,0.0,Oploo,1998-09-03T00:00:00,
NL,OTL1,52.6289,4.8227,-50.0,Oterleek niveau 1,1995-04-21T00:00:00,
NL,OTL2,52.6289,4.8227,-100.0,Oterleek niveau 2,1995-04-21T00:00:00,
NL,OTL3,52.6289,4.8227,-150.0,Oterleek niveau 3,1995-04-21T00:00:00,
NL,OTL4,52.6289,4.8227,-200.0,Oterleek niveau 4,1995-04-21T00:00:00,
NL,PPB1,52.6526,4.67,-50.0,Philisteinsche Polder niveau 1,1995-02-10T00:00:00,
NL,PPB2,52.6526,4.67,-100.0,Philisteinsche Polder niveau 2,1995-02-10T00:00:00,
NL,PPB3,52.6526,4.67,-150.0,Philisteinsche Polder niveau 3,1995-02-10T00:00:00,
NL,PPB4,52.6526,4.67,-200.0,Philisteinsche Polder niveau 4,1995-02-10T00:00:00,
NL,ROLD,50.86939,6.08469,145.0,Rolduc,2015-04-16T00:00:00,
NL,SL010,52.855091,4.868278,2.0,Anna Paulowna,2017-05-12T00:00:00,
NL,SL011,52.855091,4.868278,2.0,Anna Paulowna,2017-05-12T00:00:00,
NL,SL012,52.855091,4.868278,2.0,Anna Paulowna,2017-05-12T00:00:00,
NL,SL013,52.855091,4.868278,2.0,Anna Paulowna,2017-05-12T00:00:00,
NL,SL014,52.855091,4.868278,2.0,Anna Paulowna,2017-05-12T00:00:00,
NL,SPY1,53.4098,6.7838,-50.0,Spijk (Roodeschool) niveau 1,2010-07-08T00:00:00,
NL,SPY2,53.4098,6.7838,-100.0,Spijk (Roodeschool) niveau 2,2010-07-08T00:00:00,
NL,SPY3,53.4098,6.7838,-150.0,Spijk (Roodeschool) niveau 3,2010-07-08T00:00:00,
NL,SPY4,53.4098,6.7838,-200.0,Spijk (Roodeschool) niveau 4,2010-07-08T00:00:00,
NL,SUH1,53.2113,6.211,-50.0,Surhuizum niveau 1,2009-08-26T00:00:00,
NL,SUH2,53.2113,6.211,-100.0,Surhuizum niveau 2,2009-08-26T00:00:00,
NL,SUH3,53.2113,6.211,-150.0,Surhuizum niveau 3,2009-08-26T00:00:00,
NL,SUH4,53.2113,6.211,-200.0,Surhuizum niveau 4,2009-08-26T00:00:00,
NL,T010,52.464256000000006,6.7400720000000005,0.0,Langeveen (niveau 0),2015-12-08T00:00:00,
NL,T011,52.464256000000006,6.7400720000000005,-50.0,Langeveen (niveau 1),2015-12-08T00:00:00,
NL,T012,52.464256000000006,6.7400720000000005,-100.0,Langeveen (niveau 2),2015-12-08T00:00:00,
NL,T013,52.464256000000006,6.7400720000000005,-150.0,Langeveen (niveau 3),2015-12-08T00:00:00,
NL,T014,52.464256000000006,6.7400720000000005,-200.0,Langeveen (niveau 4),2015-12-08T00:00:00,
NL,T020,52.463356000000005,6.978702,0.0,Breklenkamp (niveau 0),2016-01-13T00:00:00,
NL,T021,52.463356000000005,6.978702,-50.0,Breklenkamp (niveau 1),2016-01-13T00:00:00,
NL,T022,52.463356000000005,6.978702,-100.0,Breklenkamp (niveau 2),2016-01-13T00:00:00,
NL,T023,52.463356000000005,6.978702,-150.0,Breklenkamp (niveau 3),2016-01-13T00:00:00,
NL,T024,52.463356000000005,6.978702,-200.0,Breklenkamp (niveau 4),2016-01-13T00:00:00,
NL,T030,52.429680000000005,6.79178,0.0,Mander (niveau 0),2015-12-08T00:00:00,
NL,T031,52.429680000000005,6.79178,-50.0,Mander (niveau 1),2015-12-08T00:00:00,
NL,T032,52.429680000000005,6.79178,-100.0,Mander (niveau 2),2015-12-08T00:00:00,
NL,T033,52.429680000000005,6.79178,-150.0,Mander (niveau 3),2015-12-08T00:00:00,
NL,T034,52.429680000000005,6.79178,-200.0,Mander (niveau 4),2015-12-08T00:00:00,
NL,T040,52.437466,6.89045,0.0,Hezingen (niveau 0),2016-01-13T00:00:00,
NL,T041,52.437466,6.89045,-50.0,Hezingen (niveau 1),2016-01-13T00:00:00,
NL,T042,52.437466,6.89045,-100.0,Hezingen (niveau 2),2016-01-13T00:00:00,
NL,T043,52.437466,6.89045,-150.0,Hezingen (niveau 3),2016-01-13T00:00:00,
NL,T044,52.437466,6.89045,-200.0,Hezingen (niveau 4),2016-01-13T00:00:00,
NL,T050,52.380554,6.905661,0.0,Agelo (niveau 0),2015-12-08T00:00:00,
NL,T051,52.380554,6.905661,-50.0,Agelo (niveau 1),2015-12-08T00:00:00,
NL,T052,52.380554,6.905661,-100.0,Agelo (niveau 2),2015-12-08T00:00:00,
NL,T053,52.380554,6.905661,-150.0,Agelo (niveau 3),2015-12-08T00:00:00,
NL,T054,52.380554,6.905661,-200.0,Agelo (niveau 4),2015-12-08T00:00:00,
NL,T060,52.343227,6.909716,0.0,Weerselo (niveau 0),2016-02-04T00:00:00,
NL,T061,52.343227,6.909716,-50.0,Weerselo (niveau 1),2016-02-04T00:00:00,
NL,T062,52.343227,6.909716,-100.0,Weerselo (niveau 2),2016-02-04T00:00:00,
NL,T063,52.343227,6.909716,-150.0,Weerselo (niveau 3),2016-02-04T00:00:00,
NL,T064,52.343227,6.909716,-200.0,Weerselo (niveau 4),2016-02-04T00:00:00,
NL,T080,52.38933,6.996486,0.0,Denekamp (niveau 0),2016-04-07T00:00:00,
NL,T081,52.38933,6.996486,-50.0,Denekamp (niveau 1),2016-04-07T00:00:00,
NL,T082,52.38933,6.996486,-100.0,Denekamp (niveau 2),2016-04-07T00:00:00,
NL,T083,52.38933,6.996486,-150.0,Denekamp (niveau 3),2016-04-07T00:00:00,
NL,T084,52.38933,6.996486,-200.0,Denekamp (niveau 4),2016-04-07T00:00:00,
NL,VBG1,52.544,6.6693,-50.0,Venebrugge niveau 1,1995-04-28T00:00:00,
NL,VBG2,52.544,6.6693,-100.0,Venebrugge niveau 2,1995-04-28T00:00:00,
NL,VBG3,52.544,6.6693,-150.0,Venebrugge niveau 3,1995-04-28T00:00:00,
NL,VBG4,52.544,6.6693,-200.0,Venebrugge niveau 4,1995-04-28T00:00:00,
NL,VEN2,51.4283,6.0937,25.0,Grubbenvorst,2012-05-08T00:00:00,
NL,VKB,50.8669,5.7847,90.0,"Valkenburg, Netherlands",2011-06-01T12:00:00,
NL,VLW1,52.9682,7.0972,-50.0,Vlagtwedde niveau 1,1995-05-23T00:00:00,
NL,VLW2,52.9682,7.0972,-100.0,Vlagtwedde niveau 2,1995-05-23T00:00:00,
NL,VLW3,52.9682,7.0972,-150.0,Vlagtwedde niveau 3,1995-05-23T00:00:00,
NL,VLW4,52.9682,7.0972,-200.0,Vlagtwedde niveau 4,1995-05-23T00:00:00,
NL,WDB1,53.2083,6.7355,-50.0,Woudbloem niveau 1,1995-04-12T00:00:00,
NL,WDB2,53.2083,6.7355,-100.0,Woudbloem niveau 2,1995-04-12T00:00:00,
NL,WDB3,53.2083,6.7355,-150.0,Woudbloem niveau 3,1995-04-12T00:00:00,
NL,WDB4,53.2083,6.7355,-200.0,Woudbloem niveau 4,1995-04-12T00:00:00,
NL,WIT,52.8135,6.6695,17.0,WIT  ,1993-11-16T00:00:00,2013-12-01T00:00:00
NL,WMH1,52.7096,4.7498,-50.0,Warmenhuizen niveau 1,1995-04-21T00:00:00,
NL,WMH2,52.7096,4.7498,-100.0,Warmenhuizen niveau 2,1995-04-21T00:00:00,
NL,WMH3,52.7096,4.7498,-150.0,Warmenhuizen niveau 3,1995-04-21T00:00:00,
NL,WMH4,52.7096,4.7498,-200.0,Warmenhuizen niveau 4,1995-04-21T00:00:00,
NL,WTSB,51.9663,6.7989,43.0,"Winterswijk, The Netherlands",2000-02-21T00:00:00,
NL,WYN1,53.1995,5.4578,-50.0,Wijnaldum niveau 1,2010-03-03T00:00:00,
NL,WYN2,53.1995,5.4578,-100.0,Wijnaldum niveau 2,2010-03-03T00:00:00,
NL,WYN3,53.1995,5.4578,-150.0,Wijnaldum niveau 3,2010-03-03T00:00:00,
NL,WYN4,53.1995,5.4578,-200.0,Wijnaldum niveau 4,2010-03-03T00:00:00,
NL,ZL21,53.0921,6.7533,-50.0,Zuidlaarderveen 2 niveau 1,1995-04-12T00:00:00,
NL,ZL22,53.0921,6.7533,-100.0,Zuidlaarderveen 2 niveau 2,1995-04-12T00:00:00,
NL,ZL23,53.0921,6.7533,-150.0,Zuidlaarderveen 2 niveau 3,1995-04-12T00:00:00,
NL,ZL24,53.0921,6.7533,-200.0,Zuidlaarderveen 2 niveau 4,1995-04-12T00:00:00,
NL,ZLV1,53.0921,6.7533,-50.0,Zuidlaarderveen 1 niveau 1,1995-04-12T00:00:00,
NL,ZLV2,53.0921,6.7533,-100.0,Zuidlaarderveen 1 niveau 2,1995-04-12T00:00:00,
NL,ZLV3,53.0921,6.7533,-150.0,Zuidlaarderveen 1 niveau 3,1995-04-12T00:00:00,
NL,ZLV4,53.0921,6.7533,-200.0,Zuidlaarderveen 1 niveau 4,1995-04-12T00:00:00,
NL,ZLV5,53.0921,6.7533,2.0,Zuidlaarderveen 1 oppervlaktesensor,1995-04-12T00:00:00,2016-06-15T11:00:00
NL,ZWE1,53.1885,5.6045,-50.0,Zweins niveau 1,2010-03-24T00:00:00,
NL,ZWE2,53.1885,5.6045,-100.0,Zweins niveau 2,2010-03-24T00:00:00,
NL,ZWE3,53.1885,5.6045,-150.0,Zweins niveau 3,2010-03-24T00:00:00,
NL,ZWE4,53.1885,5.6045,-200.0,Zweins niveau 4,2010-03-24T00:00:00,
NR,NE011,52.100297999999995,5.814481,15.0,Otterloo,1970-01-01T00:00:00,
NR,NE017,53.213402,7.119599000000001,0.0,Finsterwolde,2010-03-04T00:00:00,2012-10-04T00:00:00
NR,NE018,52.968219,7.097177,0.0,Vlagtwedde,1970-01-01T00:00:00,
NR,NE05,52.088,5.172000000000001,2.0,"UTRECHT, NETHERLANDS",2002-04-01T00:00:00,
NR,NE103,51.852794,4.135261,2.0,Nieuwenhoorn,1970-01-01T00:00:00,
NR,NE104,52.157393,4.379424,0.0,Wassenaar,1970-01-01T00:00:00,
NR,NE105,51.866661,5.125063,20.0,Herwijnen,1970-01-01T00:00:00,
NR,NE117,53.213402,7.119599000000001,0.0,Finsterwolde,1970-01-01T00:00:00,
